Content,Path_img
Mình đang pass các khóa 28TECH và khóa học AIO của AI VIỆT NAM dạy về TRÍ TUỆ NHÂN TẠO VÀ KHOA HỌC DỮ LIỆU. Bác nào cần ib mình PASS GIÁ RẺ nhé ạ ,
Mình đang pass khóa học AIO của AI VIỆT NAM dạy về TRÍ TUỆ NHÂN TẠO VÀ KHOA HỌC DỮ LIỆU và các khóa học 28Tech. Bác nào cần ib mình PASS GIÁ RẺ nhé ạ ,
Khóa AIO của AI VIỆT NAM dạy về Trí tuệ nhân tạo và khoa học dữ liệu 2023 - 2024,
Khóa AIO của AI VIỆT NAM dạy về Trí tuệ nhân tạo và khoa học dữ liệu,
Back-end JAVA 28Tech 2024,
Front-end 28tech,
Bác nào cần khóa lập trình C inbox em ạ,
Bác nào cần khóa lập trình C++ inbox em ạ,
Bác nào cần khóa lập trình Python inbox em ạ,
Khóa JAVA+SQL 28TECH bác nào cần ib em gía rẻ ạ,
Fulll các khóa học 28tech bác nào cần nhắn em ạ,
FULL STACK 28TECH GIÁ RẺ BÁC NÀO CẦN NHẮN EM NHÉ,
Bác nào cần các khóa trên  thì nhắn em ạ.,
Em đang có khóa học TRÍ TUỆ NHÂN TẠO VÀ KHOA HỌC DỮ LIỆU của AI VIỆT NAM bác nào cần ib em giá ưu đãi ạ.,
